"User ID","First Name","Last Name"
8809954082820,Robert,Martin
8807209795588,Lilianna,Henderson
8805701550084,Tara,Cameron
8807071088644,Sofia,Casey
8811395809284,James,Ferguson
8803564224516,Hailey,Douglas
8805859426308,Violet,Campbell
8811790270468,Vivian,Douglas
8811168825348,Brianna,Hawkins
8811790303236,Ted,Payne
8804647305220,Steven,Harris
8811790336004,Brianna,Dixon
8809167716356,Haris,Tucker
8810052517892,Lenny,Kelley
8807006699524,William,Myers
8806779715588,Alford,Foster
8803074736132,Kristian,Gibson
8809954181124,Cadie,Edwards
8798321868804,Ned,Taylor
8809954148356,Stuart,Harris
8809921413124,Roman,Bailey
8808676196356,Max,Cole
8811790041092,Adele,Cameron
8811789647876,Sophia,Hill
8805203181572,Blake,Howard
8811789058052,Kelvin,Williams
8805369479172,Dainton,Howard
8806781386756,Tiana,Owens
8809954115588,Brianna,Watson
8803799072772,Jasmine,Thomas
8810020306948,John,Armstrong
8809528623108,Briony,Foster
8811789778948,Olivia,Barnes
8809921380356,Vanessa,Baker
8811790434308,Nicole,Chapman
8811790565380,Maria,Dixon
8811790663684,Arianna,Andrews
8811790630916,Wilson,Barrett
8811790598148,Sawyer,Farrell
8800910901252,Adison,Elliott
8803236544516,Jessica,Moore
8800067715076,Caroline,Scott
8809921445892,Daisy,Smith
8808679407620,Alexander,Dixon
8805371412484,James,Morrison
8807208812548,Cherry,Wright
8805696962564,Michael,Brooks
8798223073284,Kellan,Ferguson
